id,Player,플레이어
10483,Rolando Aarons,롤란도 아론 스
13286,Tammy Abraham,태미 아브라함
4081,Charlie Adam,찰리 아담
4852,Adri?n,아드리안
4968,Ibrahim Afellay,이브라힘 아펠 라이
4040,Benik Afobe,Benik Afobe
4328,Sergio Ag?ero,세르지오 아게로
10559,Daniel Agyei,다니엘 아게이
24695,Soufyan Ahannach,수휘 아하 나흐
6609,Ahmed Hegazi,아메드 헤 가지
4499,Nathan Ak?,나단 아크
4482,Chuba Akpom,Chuba Akpom
3564,Marc Albrighton,마크 알 브라이튼
4916,Toby Alderweireld,토비 알더 웨이 알드
12946,Aleix Garc?a,알렉 스 가르시아
14732,Trent Alexander Arnold,트렌트 알렉산더 아놀드
13984,Allan,앨런
4413,Joe Allen,조 알렌
3732,Ryan Allsop,라이언 알솝
4093,Marcos Alonso,마르코스 알론소
12306,Daniel Amartey,다니엘 아마 르메
4835,Jordi Amat,조르디 아마 트
4176,Sammy Ameobi,새미 아메 오비
15128,Luke Amos,루크 아모스
8234,Tom Anderson,톰 앤더슨
5594,Andr? Ayew,안드레 아예
4550,Vurnon Anita,Vurnon Anita
9595,Michail Antonio,미카엘 안토니오
19681,Antonio Mart?nez,안토니오 마르티네스
3285,Antonio Valencia,안토니오 발렌시아
8242,Scott Arfield,스콧 아르 필드
7175,Giedrius Arlauskis,지드리우스 아를 라우스 키스
4823,Marko Arnautovic,마르코 아르노 우토 비치
8050,Harry Arter,해리 아크 터
4859,Christian Atsu,크리스천 아츠
9468,Charlie Austin,찰리 오스틴
10487,Ayoze P?rez,Ayoze P?rez
4496,C?sar Azpilicueta,세자르 아즈필릭 데타
9762,Daniel Bachmann,다니엘 바크 만
12937,Eric Bailly,에릭 베일리
3030,Leighton Baines,레이튼 베인즈
11260,Tiemou? Bakayoko,티에 무레 바카 요코
4749,Lewis Baker,루이스 베이커
4711,Sam Baldock,샘 발독
15030,Lewis Banks,루이스 뱅크스
2517,Phil Bardsley,필 바즈 리
4115,Ross Barkley,로스 바클리
13590,Daniel Barlaser,다니엘 바레이저
8246,Ashley Barnes,애슐리 반즈
10520,Modou Barrow,Modou Barrow
1308,Gareth Barry,가레스 배리
3312,Kyle Bartley,카일 바틀리
7450,Michy Batshuayi,미시 밧 슈아이
19589,Jan Bednarek,얀 베드 나렉
2537,Asmir Begovic,아스 미르 베 고빌
3765,Valon Behrami,발론 베라 미
4474,H?ctor Beller?n,H?ctor Beller?n
20879,Yasin Ben El Mhanni,야신 벤 엘 마니
13490,Yohan Benalouane,요한 베 날 루아 네
4492,Christian Benteke,크리스티안 벤 테케
4205,Saido Berahino,사이도 베라 히노
6210,Johann Berg Gudmundsson,요한 베르크 구드문드 손
6215,Steven Berghuis,스티븐 베르그 이스
5067,Bernardo Silva,베르나르도 실바
2886,Ryan Bertrand,라이언 버트 랜드
10451,Muhamed Besic,무아메드 베식
10426,Krystian Bielik,크리스티안 비 엘릭
8882,Philip Billing,필립 결제
19655,Mark Birighitti,마크 비리 키티
13231,Henrik Rorvik Bjørdal,헨릭 로빅 비요르 탈
4888,Daley Blind,데일리 블라인드
4769,Hiram Boateng,하이람 보아텡
10441,Jeremie Boga,제레미 보가
3348,Adam Bogdan,아담 보그 단
4898,Bojan,보얀
4763,Yannick Bolasie,야닉 볼 라시
5721,Ga?tan Bong,봉 가오 탄
4838,Wilfried Bony,윌 프리드 보니
13475,Regan Booty,레이건 부티
16622,Borja Bast?n,보르 자 바스 톤
13560,Cameron Borthwick Jackson,카메론 보스 위크 잭슨
4601,Artur Boruc,아르투르 보루 치
12584,Sofiane Boufal,소피아 누 부 팔
4788,George Boyd,조지 보이드
9030,Brad Smith,브래드 스미스
4158,Robbie Brady,로비 브래디
21627,Cohen Bramall,코헨 브람
9032,Cameron Brannagan,카메론 브란 나간
5810,Claudio Bravo,클라우디오 브라보
14742,Rhian Brewster,리안 브루스터
5668,Miguel Britos,미구엘 브리토스
2152,Leon Britton,레온 브리튼
4674,Isaiah Brown,이사야 브라운
13873,Marcus Browne,마커스 브라운
8162,Bruno,브루노
3744,Chris Brunt,크리스 브 런트
23695,Marcin Bulka,마르신 벌카
8892,Harry Bunn,해리 번
9982,Reece Burke,리즈 버크
11965,Matt Butcher,맷 백 처
4634,Jack Butland,잭 버트 랜드
8945,Sam Byram,샘 바이람
10466,Willy Caballero,윌리 카바레로
4341,Yohan Cabaye,요한 카바예
14547,Tom Cadman,톰 캐드 먼
2620,Gary Cahill,게리 케이힐
9576,Dominic Calvert Lewin,Dominic Calvert Lewin
4636,Geoff Cameron,제프 카메론
4254,Joel Campbell,조엘 캠벨
5001,Emre Can,엠레 수
4843,Etienne Capoue,에티엔 느 카푸에
9869,Baily Cargill,베일리 카길
1634,Michael Carrick,마이클 캐릭
4430,Tom Carroll,톰 캐롤
13814,Cameron Carter Vickers,카메론 카터 비커스
3160,Craig Cathcart,크레이그 캐스 카트
4477,Santiago Cazorla,산티아고 카 조라
2651,Petr Cech,페트르 체흐
11347,C?dric Soares,세드릭 소아레스
4844,Nacer Chadli,Nacer Chadli
4105,Nathaniel Chalobah,나다니엘 샬로 바
4620,Calum Chambers,칼 룸 챔버스
4161,Chicharito,치카 리토
13491,Ben Chilwell,벤 칠웰
13510,Pedro Chirivella,페드로 키리 벨라
11191,Eric Maxim Choupo Moting,Eric Maxim Choupo Moting
4495,Andreas Christensen,안드레아스 크리스텐슨
3562,Ciaran Clark,시아란 클라크
11146,Jake Clarke Salter,제이크 클라크 솔터
12365,Jordy Clasie,조디 클라시
3448,Tom Cleverley,톰 클레 벌리
4604,Nathaniel Clyne,나다니엘 클린
10268,Luke Coddington,루크 코딩 턴
3713,Jack Colback,잭 콜백
3600,Seamus Coleman,시머스 콜맨
3010,James Collins,제임스 콜린스
3549,Francis Coquelin,프란시스 코 퀼린
2889,Jack Cork,잭 코르크
4911,Thibaut Courtois,티보 코트 토스
4525,Philippe Coutinho,필립 쿠 띠뉴
2559,Martin Cranie,마틴 크레이 니
8897,Aaron Cresswell,애런 크레스 웰
1629,Peter Crouch,피터 크라우치
13716,Cuco Martina,쿠코 마르티나
5174,Cristi?n Cuevas,Cristi?n Cuevas
3242,Charlie Daniels,찰리 다니엘스
5328,Danilo,다닐로
3807,Scott Dann,스캇 댄
8245,Danny Ings,Danny Ings
8389,Tendayi Darikwa,텐다이 다리 강의
9251,Karl Darlow,칼 다 로우
12854,Matteo Darmian,마테오 다르 미안
4100,David Luiz,데이빗 루이즈
10526,Jason Davidson,제이슨 데이비슨
13389,Tom Davies,톰 데이비스
2423,Steven Davis,스티븐 데이비스
4198,Craig Dawson,크레이그 도슨
4288,Kevin De Bruyne,케빈 드 브루 인
4330,David de Gea,데이비드 드 게아
4885,Siem de Jong,Siem de Jong
14834,Zachary Dearnley,재커리 Dearnley
4546,Mathieu Debuchy,마티유 드뷔시
9947,Troy Deeney,트로이 디니
1526,Jermain Defoe,저메인 데포
5345,Steven Defour,스티븐 데 푸르
1911,Damien Delaney,데미안 딜레이 니
9167,Dele Alli,알리 델리
3799,Fabian Delph,파비안 델프
4123,Mousa Demb?l?,무사 뎀 블레
11002,Jason Denayer,제이슨 데니스
16747,Laurent Depoitre,Laurent Depoitre
3982,Mohamed Diam?,모하메드 디아 메
15199,Grady Diangana,그레이 디아 난
14800,Brahim Diaz,브람 디아즈
4941,Diego Costa,디에고 코스타
4112,Eric Dier,에릭 디어
3925,Mame Biram Diouf,Mame Biram Diouf
5577,Brice Dja Dj?dj?,브라이스 디자 디제이
13823,Abdoulaye Doucour?,압둘 레이 두 코레
13340,Luke Dreher,루크 드레 허
3670,Daniel Drinkwater,다니엘 드링 워터
3601,Shane Duffy,셰인 더피
14771,Demeaco Duhaney,Demeaco Duhaney
4340,Paul Dummett,폴 더못
8163,Lewis Dunk,루이스 덩크
2341,Nathan Dyer,네이선 다이어
14451,Eddie Nketiah,에디 네 케아
12707,Ederson,에 더슨
12265,Eduardo,에두아르도
15038,Thomas Edwards,토마스 에드워즈
8962,Callum Elder,칼럼 엘더
21468,Andrew Eleftheriou,앤드류 엘프 프레이 우우
2214,Robert Elliot,로버트 엘리엇
5239,Mohamed Elneny,모하메드 엘네 니
4245,Emiliano Martinez,에밀리아 노 마르티네스
10488,Emmanuel Rivi?re,에마누엘 리비에르
4845,Christian Eriksen,크리스티안 에릭 센
3156,Jonny Evans,조니 에반스
3309,Lukasz Fabianski,루카스 파비안 스키
2417,Cesc F?bregas,세스크 파브레가스
3182,Adam Federici,아담 페데리치
5672,Federico Fern?ndez,페데리코 페르난데스
7564,Sofiane Feghouli,소피아 느 페굴리
3604,Marouane Fellaini,마루 앙 펠라 이니
4810,Leroy Fer,리로이 페르
15759,Edimilson Fernandes,에딘 밀슨 페르난데스
4804,Fernandinho,페르난 딩요
5344,Fernando,페르난도
13867,Sam Field,샘 필드
5144,Stuart Findlay,스튜어트 핀 들레
4129,Jon Flanagan,존 플라나간
1943,Darren Fletcher,대런 플레처
14805,Phil Foden,필 포르덴
14298,Michael Folivi,마이클 폴리 비
3170,Fraser Forster,프레이져 포스터
2932,Ben Foster,벤 포스터
13561,Timothy Fosu Mensah,티모시 포수 멘사
8044,Simon Francis,사이먼 프란시스
8052,Ryan Fraser,라이언 프레이저
8935,Freddie Ladapo,프레디 라다 포
5371,Christian Fuchs,크리스티앙 푹스
7482,Jay Fulton,제이 풀톤
13387,Ramiro Funes Mori,라미로 푸네 모리
12639,Manolo Gabbiadini,마놀로 가비 아디 니
10423,Gabriel,가브리엘
19680,Gabriel Jesus,가브리엘 예수
9650,Sam Gallagher,샘 갤러거
5937,Florin Gardos,플로린 가르 도스
4771,Dwight Gayle,드와이트 게일
4600,Paulo Gazzaniga,파울로 가자 니가
15146,Anthony Georgiou,앤서니 조지 오우
3046,Kieran Gibbs,키 에런 깁스
4481,Olivier Giroud,올리비에기로 우드
9634,Connor Goldson,코너 골드슨
14830,Angel Gomes,엔젤 고메스
10651,Joseph Gomez,조셉 고메즈
4547,Curtis Good,커티스
3390,Dan Gosling,댄 고 슬링
4554,Yoan Gouffran,요안 구프란
19909,Kamil Grabara,카밀 그라 라
8055,Lewis Grabban,루이스 그라 바반
12815,Max Gradel,맥스 그래 딜
1870,Lee Grant,리 그랜트
9060,Andre Gray,앙드레 그레이
8650,Matt Grimes,매트 그 라임 즈
14766,Daniel Grimshaw,다니엘 그림 쇼
22542,Pascal Groß,파스칼 그로스
13985,Marko Grujic,마르코 그루 지치
12582,Idrissa Gueye,이드 리사 게이 예
5101,Ilkay G?ndogan,일 케이 구운도 간
15027,Daniel Gyollai,다니엘 기 일라이
4545,Massadio Haidara,마사 디오 하이 다라
3183,Ben Hamer,벤 하머
3819,Grant Hanley,그랜트 핸리
20101,Rekeem Harper,Rekeem Harper
3143,Joe Hart,조 하트
13777,Jakob Haugaard,야콥 하 가드
4713,Isaac Hayden,이삭 헤이든
4503,Eden Hazard,에덴 해저드
2933,Tom Heaton,톰 히튼
19609,Michael Hefele,마이클 헤페 글
13234,Tomer Hemed,토머 헤밍
3712,Jordan Henderson,요르단 헨더슨
8586,Jeff Hendrick,제프 헨드릭
2569,Wayne Hennessey,웨인 헤네시
10534,Doneil Henry,도일 헨리
10475,Ander Herrera,안 데르 헤레라
10501,Jake Hesketh,제이크 헤스 케스
14619,Mateusz Hewelt,마테 우스 힐에트
21858,Ryan Hill,라이언 힐
10949,Jordy Hiwula Mayifuila,Jordy Hiwula Mayifuila
9936,Tommie Hoban,토미 호반
3801,Jonathan Hogg,조나단 호그
11575,Rob Holding,롭 홀딩
5713,Jos? Holebas,호세 홀 바스
10564,Mason Holgate,메이슨 홀 게이트
14637,Nathan Holland,나단 홀랜드
13191,Jordan Holmes,요르단 홈즈
8340,Tareiq Holmes Dennis,타렉 홈즈 데니스
2074,Mark Hudson,마크 허드슨
8589,Will Hughes,윌 휴즈
13229,Uwe H?nemeier,우베 후네 마이어
2053,Robert Huth,로버트 후트
10734,Emerson Hyndman,Emerson Hyndman
5272,Pierre Emile Højbjerg,피에르 에밀 레 호 비어 그
4527,Jordon Ibe,조던 아이브
7234,Vicente Iborra,비센테 아이보라
13554,Kelechi Iheanacho,Kelechi Iheanacho
5588,Giannelli Imbula,지아 넬리이 불루
4284,Rohan Ince,로한 인세
2928,Stephen Ireland,스티븐 아일랜드
19618,Isaac Success,이삭 성공
4717,Alex Iwobi,알렉스 아이비
13246,Brad Jackson,브래드 잭슨
9662,Jacob Murphy,제이콥 머피
3222,Phil Jagielka,필 자길 카
4786,Eldin Jakupovic,Eldin Jakupovic
3669,Matty James,매티 제임스
10480,Daryl Janmaat,대릴 얀 마트
15481,Vincent Janssen,빈센트 얀센
4541,Adnan Januzaj,아드 난 잔누 자
4248,Carl Jenkinson,칼 젠킨슨
11070,Jes?s G?mez,헤수스 가메 스
14446,Joe Willock,조 윌록
13556,Joel Pereira,조엘 페레이라
14696,Darnell Johnson,다넬 존슨
4331,Sam Johnstone,샘 존스톤
15122,Jonathan Dinzeyi,조나단 딘제이
3820,Phil Jones,필 존스
13192,Corey Jordan,코리 요르단
5595,Jordan Ayew,조던 아유
4606,Jos? Fonte,호세 폰테
12212,Jos? Izquierdo,호세 이즈 퀴르도
6425,Joselu,호 셀루
14457,Josh Da Silva,조쉬 다 실바
15374,Josh Sims,조쉬 심즈
19605,Christian Kabasele,크리스챤 카 켈레
3508,Younes Kaboul,유네스 카불
19611,Elias Kachunga,엘리아스 카천가
10191,Sullay Kaikai,술레이 카이 카이
4101,Tomas Kalas,토마스 칼라스
3960,Harry Kane,해리 케인
13492,N'Golo Kant?,은골로 칸테
19679,Bartosz Kapustka,바 토스 카푸 스카
19600,Loris Karius,로리 스 카리우스
5156,Beram Kayal,베람 카얄
4333,Michael Keane,마이클 킨
3644,Martin Kelly,마틴 켈리
15194,Daniel Kemp,다니엘 켐프
13285,Kenedy,케네디
10449,Jonjoe Kenny,조조 케니
13509,Ryan Kent,라이언 켄트
4656,Ki Sung yueng,기성 유 엥
22546,Kiko Femen?a,키코 페 메니아
3926,Joshua King,여호수아 왕
10517,Stephen Kingsley,스티븐 킹슬리
15134,Nya Kirby,냐 커비
4886,Davy Klaassen,데비 클라 센
15608,Ragnar Klavan,라그나 클라 반
8982,Anthony Knockaert,앤서니 노커버트
4141,Aleksandar Kolarov,알렉산더 콜라 로프
5368,Sead Kolasinac,Sead Kolasinac
3653,Vincent Kompany,빈센트 콤파니
4030,Laurent Koscielny,로랑 코 시엘 니
5861,Cheikhou Kouyat?,Cheikhou Kouyat?
3169,Tim Krul,팀 크루
6899,Alexandre Lacazette,알렉상드르 라카 제트
4618,Adam Lallana,아담 랄라 나
4842,Erik Lamela,에릭 라멜라
13872,Manuel Lanzini,마누엘 란 지니
9257,Jamaal Lascelles,자말 탈 셀레스
14776,Joel Latibeaudiere,조엘 라티 베아 디에르
5561,Tom Lawrence,톰 로렌스
20180,Achraf Lazaar,Achraf Lazaar
3830,Lee Chung yong,이정
2852,Adam Legzdins,Adam Legzdins
16607,Florian Lejeune,Florian Lejeune
13866,Jonathan Leko,조나단 레코
5583,Mario Lemina,마리오 리미나
2270,Aaron Lennon,애런 레넌
16550,Filip Lesniak,필립 레스 닉
14982,Harry Lewis,해리 루이스
10766,Lewis Cook,루이스 쿡
5066,Victor Lindel?f,빅터 린델 로프
4337,Jesse Lingard,제시 링 가드
3244,Jake Livermore,제이크 리버모어
5551,Fernando Llorente,페르난도 요 렌테
4664,Hugo Lloris,휴고 로리스
5179,Ruben Loftus Cheek,루벤 로프 투스 뺨
8888,Joe Lolley,조 롤리
3837,Kevin Long,케빈 롱
13278,Ademola Lookman,아데 몰라 룩맨
12444,Jonas L?ssl,조나스 뢰 슬
4813,Dejan Lovren,데얀 로프 렌
19608,Chris L?we,크리스 뢰웨
4487,Matthew Lowton,매튜 로턴
3173,Kazenga Lua Lua,카제나 루아 루아
3137,Lucas Leiva,루카스 레이 바
7081,Lucas P?rez,루카스 페레즈
4290,Romelu Lukaku,로멜 루 루카 쿠
10422,Matt Macey,매트 메이스
13228,Niki M?enp??,니키 멘 페야
13987,Pablo Maffeo,파블로 마펠
9566,Harry Maguire,해리 맥과이어
7985,Connor Mahoney,코너 마호니
8983,Riyad Mahrez,리야드 마레이즈
10428,Ainsley Maitland Niles,아인 슬리 메이 틀 랜드 나일 즈
15418,Moses Makasi,모세 마카시
14456,Donyell Malen,Donyell Malen
3995,Scott Malone,스콧 말론
5566,Steve Mandanda,스티브 만단다
6519,Sadio Man?,사 디오 마네
5334,Eliaquim Mangala,엘리아 킴 망 갈라
4918,Javier Manquillo,하비에르 만 퀼로
12374,Elvis Manu,엘비스 마누
3471,Marc Wilson,마크 윌슨
3251,Adrian Mariappa,애드리안 마리아 파
5078,Lazar Markovic,라자르 마르코비치
2359,Dean Marney,딘 마니
11272,Anthony Martial,안토니 무술
11177,Bruno Martins Indi,브루노 마틴 스 인디
19677,Brandon Mason,브랜든 메이슨
13932,Ntumba Massanka,umb 따마 마칸 카
11284,Arthur Masuaku,아서 마스 쿠
12192,Mat Ryan,매트 라이언
4287,Juan Mata,후안 마타
16275,Ales Mateju,알레스 마테 주
23556,Mathias Normann,마티아스 노만
3861,Nemanja Matic,네마냐 마틱
5375,Joel Matip,조엘 마팁
15285,Matt Worthington,매트 워딩 턴
9960,Alfie Mawson,알피 모슨
4706,Kevin Mbabu,케빈 음 바부
5850,Chancel Mbemba,찬셀 emb바
4224,James McArthur,제임스 맥아더
4437,Gareth McAuley,가레스 McAuley
8107,Oliver McBurnie,올리버 맥 번니
3979,James McCarthy,제임스 맥카시
4395,James McClean,제임스 맥 클린
3779,Callum McManaman,캘럼 맥만 만
9649,Sam McQueen,샘 맥퀸
14824,Scott McTominay,스콧 맥 토미 네이
3909,Ben Mee,벤 미
15160,Max Melbourne,맥스 멜버른
19617,Nampalys Mendy,남팔 멘디
19778,Mikel Merino,미켈 메리노
4246,Per Mertesacker,Per Mertesacker
22575,Roque Mesa,로크 메사
13280,Matt Miazga,매트 Miazga
4179,Simon Mignolet,사이먼 미뇰
5859,Luka Milivojevic,루카 밀리 비제 비치
2100,James Milner,제임스 밀너
8900,Tyrone Mings,타이론 뮤즈
4507,Kevin Mirallas,케빈 미라 라스
14822,Demetri Mitchell,데 메트 미첼
5879,Aleksandar Mitrovic,알렉산더 미트로 비치
5102,Henrikh Mkhitaryan,헨리크 음 키타 리안
13778,Moha,모하
4472,Nacho Monreal,나쵸 몬 레알
10518,Jefferson Montero,제퍼슨 몬테로
14698,Elliott Moore,엘리엇 무어
19619,Aaron Mooy,애런 무이
5804,?lvaro Morata,알바로 모라 타
7219,Alberto Moreno,알베르토 모레노
8966,Wes Morgan,웨스 모건
2529,James Morrison,제임스 모리슨
3983,Victor Moses,빅터 모세
22570,Steve Mounie,스티브 모니
19603,Lys Mousset,Lys Mousset
12356,Erwin Mulder,어윈 멀더
4822,Marc Muniesa,마크 무니 지아
19911,Arijanet Muric,Arijanet Muric
9581,Jamie Murphy,제이미 머피
4772,Glenn Murray,글렌 머레이
5208,Ahmed Musa,아메드 무사
11147,Charly Musonda,챨리 무당다
3869,Shkodran Mustafi,Shkodran Mustafi
3333,Jordon Mutch,조던 풋
2011,Boaz Myhill,보아 즈 마이 힐
6903,Clinton N'Jie,Clinton N'Jie
7122,Luciano Narsingh,루치아노 나신 싱
3546,Samir Nasri,사미르 나스리
3956,Kyle Naughton,카일 노턴
14712,Layton Ndukwu,레이 톤 누큐 우
14450,Reiss Nelson,니스 넬스
15052,Julien Ngoy,줄리앙 응고이
13390,Oumar Niasse,오 우마 니 아스
15938,Georges K?vin Nkoudou,조르주 케빈 누 코도
3014,Mark Noble,마크 노블
19604,Nolito,놀리 토
13795,Kristoffer Nordfeldt,크리스토퍼 노르 펠트
5490,Nordin Amrabat,노르 디 암 라바트
3924,Oliver Norwood,올리버 노 우드
13821,Nyom,Nyom
20870,Keelan O'Connell,켈란 오코넬
10425,Stefan O'Connor,스테판 오코너
13584,Kieran O'Hara,키 에런 오하라
20095,Aiden O'Neill,에이든 오닐
15154,Dara O'Shea,다라 오셔
15140,Tashan Oakley Boothe,타샨 오클리 부츠
13871,Pedro Obiang,페드로 오앙
5514,Angelo Ogbonna,안젤로 오골 나
3889,Stefano Okaka,스테파노 오카 카
13494,Shinji Okazaki,신 오카자키
10439,Ola Aina,올라 아이나
20869,Ollie Harfield,올랜도
13717,Olufela Olomola,올 루펠 라 올로 모라
2867,Martin Olsson,마틴 올슨
7490,Josh Onomah,조쉬 오노 마
23615,Henry Onyekuru,헨리 오니 쿠루
10465,Divock Origi,Divock Origi
4286,Oriol Romeu,Oriol Romeu
10420,David Ospina,데이비드 오 스피나
6058,Nicol?s Otamendi,니콜라스 오타 몬디
14753,Ovie Ejaria,오비에 자 리아
4252,Alex Oxlade Chamberlain,알렉스 옥스 드 체임벌린
4714,Mesut ?zil,Mesut ?zil
13283,Kasey Palmer,카시 팔머
4319,Costel Pantilimon,코스텔 판틸몬
10953,Juan Carlos Paredes,후안 카를로스 파레 데스
10440,Mario Pasalic,마리오 파샬 릭
8710,Patrick Roberts,패트릭 로버츠
14743,Paulinho,폴린 유
9664,Jack Payne,잭 페인
4972,Pedro,페드로
13825,Adalberto Pe?aranda,Adalberto Pe?aranda
9895,Matthew Pennington,매튜 페닝 턴
10476,Andreas Pereira,안드레아스 페레이라
11213,Roberto Pereyra,로베르토 페레이라
14144,Kleton Perntreou,클레이튼 페인 트레 우
14161,Michael Phillips,마이클 필립
4640,Jordan Pickford,요르단 픽 포드
12463,J?r?my Pied,제리 미피
4821,Erik Pieters,에릭 피터스
3920,Paul Pogba,폴 포그 바
10079,Nick Pope,닉 포프
13822,Sebastian Pr?dl,세바스찬 프 뢰르
16790,Davy Pr?pper,데비 프러퍼
8049,Marc Pugh,마크 Pugh
4084,Jason Puncheon,제이슨 춘천
21677,Collin Quaner,콜린 쿼너
19678,Domingos Quina,도밍고스 퀴나
19673,Ramadan Sobhi,라마단 소비
11074,Sandro Ram?rez,산드로 라미레즈
13703,Aaron Ramsdale,아론 램즈 데일
3548,Aaron Ramsey,애런 램지
11013,Connor Randall,코너 랜달
2216,Darren Randolph,대런 랜돌프
4405,Angel Rangel,엔젤 렌젤
13565,Marcus Rashford,마커스 러쉬 포드
3811,Nathan Redmond,네이선 레드몬드
4818,Harrison Reed,해리슨 리드
4209,Winston Reid,윈스턴 리드
13123,Jeff Reine Adelaide,제프 레인 아델레이드
4572,Lo?c Remy,로이츠 레미
15202,Declan Rice,데 클란 라이스
24630,Richarlison,Richarlison
4878,Jairo Riedewald,Jairo Riedewald
3934,Matt Ritchie,매트 리치
13230,Rob Hunt,롭 사냥
13511,Roberto Firmino,로베르토 파르 미노
13917,Connor Roberts,코너 로버츠
10458,Andrew Robertson,앤드류 로버트슨
1404,Paul Robinson,폴 로빈슨
4696,Joel Robles,조엘로 블즈
3484,Hal Robson Kanu,할 로브 손 카누
3851,Jay Rodriguez,제이 로드리게스
10472,Marcos Rojo,마르코스 로조
13555,Sergio Romero,세르지오 로메로
6030,Salom?n Rond?n,살로몬 론 돈
2064,Wayne Rooney,웨인 루니
3507,Danny Rose,대니 로즈
2464,Liam Rosenior,리암 로즈 세오 리아
2681,Wayne Routledge,Wayne Routledge
14285,Charlie Rowan,찰리 로완
16801,Antonio R?diger,안토니오 루디 거
6251,Henri Saivet,앙리 사에 베트
4796,Mamadou Sakho,마마 두 사코
10004,Bakary Sako,바카리 사코
5178,Mohamed Salah,모하메드 살라
4973,Alexis S?nchez,알렉시스 산체스
14801,Jadon Sancho,자돈 산초
5384,Leroy San?,르로이 사 네
8887,Sean Scannell,숀 스카넬
19607,Christopher Schindler,크리스토퍼 쉰들러
8980,Jeffrey Schlupp,제프리 슐럽
2508,Kasper Schmeichel,카스퍼 슈 마이 첼
4615,Morgan Schneiderlin,모건 슈나이더 린
24346,Ryan Schofield,라이언 스코필드
14578,Kyle Scott,카일 스콧
22545,Jorge Segura,호르헤 세구라
16723,Matz Sels,마츠 셀스
5267,Xherdan Shaqiri,셰단 샤키리
15142,Samuel Shashoua,사무엘 샤쇼 우아
4608,Luke Shaw,루크 쇼
3158,Ryan Shawcross,라이언 쇼 크로스
13121,Ben Sheaf,벤 셰프
4135,Jonjo Shelvey,조조 쉘비
10507,Oliver Shenton,올리버 쉔튼
10543,Sheyi Ojo,Sheyi Ojo
2007,Steve Sidwell,스티브 시드웰
4421,Gylfi Sigurdsson,길 피시 거슨
4145,David Silva,데이비드 실바
13193,Jack Simpson,잭 심슨
4529,Jerome Sinclair,제롬 싱클레어
4549,Moussa Sissoko,무사 시소코
13232,Jiri Skalak,지리 스 칼락
11364,Islam Slimani,이슬람 슬리 마니
3613,Chris Smalling,크리스 스몰 링
3512,Adam Smith,아담 스미스
4558,Robert Snodgrass,로버트 스노 그라스
16608,Rub?n Sobrino,루벤 소 브리 노
10443,Dominic Solanke,도미니크 솔란 케
8171,Solly March,Solly March
4999,Son Heung Min,손흥민
10444,Pape Souar?,Pape Souar?
21809,Harry Souttar,해리 수 타르
2664,Julian Speroni,줄리안 스 페로 니
4679,Raphael Spiegel,라파엘 슈피겔
3766,Junior Stanislas,주니어 스타니 슬라 스
11134,Jon Gorenc Stankovic,존 고 렌츠 스탄코비치
4779,Maarten Stekelenburg,Maarten Stekelenburg
8168,Dale Stephens,데일 스티븐스
4316,Raheem Sterling,Raheem Sterling
10482,Jamie Sterry,제이미 스 테리
8045,Steve Cook,스티브 쿡
4426,Kevin Stewart,케빈 스튜어트
4505,John Stones,존 스톤즈
1295,Stuart Taylor,스튜어트 테일러
3154,Daniel Sturridge,다니엘 스터 리지
4925,Mario Su?rez,마리오 수아레스
2338,Andrew Surman,앤드류 수르 만
13195,Sam Surridge,샘 수 리지
5428,Markus Suttner,마르쿠스 서트 너
10556,Ryan Sweeney,라이언 스위니
3543,Wojciech Szczesny,와치 시크 슈 체스 니
10498,Dusan Tadic,두산 타딕
4815,Matt Targett,매트 타겟
8143,James Tarkowski,제임스 타르 코브 스키
24214,Kyle Taylor,카일 테일러
10609,James Tilley,제임스 틸리
3517,James Tomkins,제임스 톰킨스
13281,Fikayo Tomori,피카 요 토모리
13549,Tosin Adarabioyo,Tosin Adarabioyo
13235,Richard Towell,리처드 타 웰
3724,Andros Townsend,안드로스 타운젠드
3905,Kieran Trippier,키 에런 트리 피어
13559,Axel Tuanzebe,액셀 투안 제베
13477,Josh Tymon,조쉬 티몬
8174,Leonardo Ulloa,레오나르도 울 로아
10435,Fredrik Ulvestad,프레드릭 울베스트레드
10541,Enner Valencia,엔너 발렌시아
3362,Patrick van Aanholt,패트릭 반 아안 홀트
4877,Mike van der Hoorn,Mike van der Hoorn
5140,Virgil van Dijk,버질 반 디직
10964,Rajiv van La Parra,라지브 반 라 파라
8979,Jamie Vardy,제이미 버디
4809,Guillermo Varela,길레르모 바렐 라
15044,Thibaud Verlinden,Thibaud Verlinden
4666,Jan Vertonghen,얀 베르 톨헨
4007,Sam Vokes,샘 보크스
4398,Michel Vorm,미셸 보름
8003,Mark Waddington,마크와 딩턴
2839,Theo Walcott,테오 월콧
3955,Kyle Walker,카일 워커
13815,Kyle Walker Peters,카일 워커 피터스
2047,Jonathan Walters,조나단 월터스
8159,Christian Walton,크리스티안 월튼
14164,Aaron Wan Bissaka,아론 완 비사 카
4816,Victor Wanyama,빅터 완야 마
3999,Stephen Ward,스티븐 워드
4617,James Ward Prowse,James Ward Prowse
2686,Ben Watson,벤 왓슨
3452,Danny Welbeck,대니 웰벡
8889,Nahki Wells,나키 웰스
4489,Ashley Westwood,애쉴리 웨스트 우드
2299,Glenn Whelan,글렌 웰런
14548,Ben White,벤 화이트
2980,Dean Whitehead,딘 화이트 헤드
15111,Alfie Whiteman,알피 화이트 맨
4396,Connor Wickham,코너 윅햄
2678,Rhoys Wiggins,Rhoys Wiggins
7114,Georginio Wijnaldum,게오르기 니오 위 왈둠
20479,Wilfred Ndidi,윌 프레드 님디
16549,Will Miller,윌 밀러
4767,Jonathan Williams,조나단 윌리엄스
4748,Willian,윌리안
14821,Matthew Willock,매튜 윌록
3547,Jack Wilshere,잭 윌셔
8454,Callum Wilson,캘럼 윌슨
13813,Kevin Wimmer,케빈 위머
7488,Harry Winks,해리 윙크 스
4989,Philipp Wollscheid,필립 울살 샤이 드
14758,Ben Woodburn,벤 우드 번
10479,Freddie Woodman,프레디 우드먼
12136,Granit Xhaka,그래 니트 사카
4673,Claudio Yacob,클라우디오 야콥
14626,Josef Yarney,조세프 야니
4148,Yaya Tour?,야야 투레
10522,DeAndre Yedlin,데 안드레 예드 린
4605,Maya Yoshida,마야 요시다
3062,Ashley Young,애쉴리 영
3654,Pablo Zabaleta,파블로 자 발레 타
4539,Wilfried Zaha,윌 프리드 자하
7103,Zanka,잔카
3338,Mauro Z?rate,마우로 자 라트
22547,Zhang Yuning,장윤잉
3662,Ron Robert Zieler,론 로버트 지엘 러
19620,Oleksandr Zinchenko,올렉산드로 아연 첸코
5175,Kurt Zouma,커트 주마
